{
  "timestamp": "2025-12-01 01:37:37",
  "baseline_model": "best_model_xgboost.pkl",
  "mitigated_model": "mitigated_model_xgboost.pkl",
  "baseline_metrics": {
    "slice_name": "Overall",
    "n_samples": 744,
    "mae": 97.10047149658203,
    "rmse": 141.44752505346284,
    "r2": 0.9353594779968262,
    "mape": 22.36568070766519,
    "mean_actual": 723.5712365591398,
    "mean_predicted": 735.6513671875,
    "bias": 12.080173071994576,
    "std_residual": 140.93073153803704
  },
  "mitigated_metrics": {
    "slice_name": "Overall",
    "n_samples": 744,
    "mae": 100.38153839111328,
    "rmse": 147.53252422135603,
    "r2": 0.9296782612800598,
    "mape": 22.384320436444884,
    "mean_actual": 723.5712365591398,
    "mean_predicted": 730.1030883789062,
    "bias": 6.531857904567514,
    "std_residual": 147.3878550528427
  },
  "baseline_bias_issues": 4,
  "mitigated_bias_issues": 4,
  "improvement": {
    "mae_improvement": -3.28106689453125,
    "rmse_improvement": -6.084999167893187,
    "r2_improvement": -0.005681216716766357,
    "bias_issues_reduction": 0
  }
}