{
  "timestamp": "2025-12-04 22:23:14",
  "baseline_model": "/opt/airflow/artifacts/model_pipeline/models/best_model_xgboost.pkl",
  "mitigated_model": "/opt/airflow/artifacts/model_pipeline/models/mitigated_model_xgboost.pkl",
  "baseline_metrics": {
    "slice_name": 0.0,
    "n_samples": 744.0,
    "mae": 97.8990249633789,
    "rmse": 142.64082268717817,
    "r2": 0.9342642426490784,
    "mape": 22.148155097729564,
    "mean_actual": 723.5712365591398,
    "mean_predicted": 735.6908569335938,
    "bias": 12.119591517474062,
    "std_residual": 142.12501460045476
  },
  "mitigated_metrics": {
    "slice_name": 0.0,
    "n_samples": 744.0,
    "mae": 100.96540832519531,
    "rmse": 147.06563426324317,
    "r2": 0.9301226139068604,
    "mape": 22.738077695911592,
    "mean_actual": 723.5712365591398,
    "mean_predicted": 738.6053466796875,
    "bias": 15.03410050176805,
    "std_residual": 146.29516695438994
  },
  "baseline_bias_issues": 4,
  "mitigated_bias_issues": 4,
  "improvement": {
    "mae_improvement": -3.0663833618164062,
    "rmse_improvement": -4.424811576064997,
    "r2_improvement": -0.004141628742218018,
    "bias_issues_reduction": 0
  }
}