{
  "model_type": "XGBoost",
  "timestamp": "2025-12-12T01:34:50.515993",
  "best_iteration": 286,
  "metrics": {
    "train_r2": 0.9967193603515625,
    "train_rmse": 23.00755517682928,
    "train_mae": 12.4848051071167,
    "train_mape": 17.637566128018026,
    "val_r2": 0.9567919373512268,
    "val_rmse": 122.57635534892118,
    "val_mae": 76.6214370727539,
    "val_mape": 13.729764726735603,
    "test_r2": 0.9350455403327942,
    "test_rmse": 126.66819275053821,
    "test_mae": 81.12504577636719,
    "test_mape": 18.0293244918816,
    "test_max_error": 835.9483642578125,
    "test_median_absolute_error": 47.953369140625,
    "test_90th_percentile_error": 198.80605468750002,
    "test_95th_percentile_error": 265.92292785644526
  },
  "performance_summary": {
    "test_mae": 81.12504577636719,
    "test_rmse": 126.66819275053821,
    "test_r2": 0.9350455403327942,
    "improvement_over_baseline": null
  }
}