{
  "model_type": "XGBoost",
  "timestamp": "2025-12-04T22:22:15.528047",
  "best_iteration": 307,
  "metrics": {
    "train_r2": 0.9973666071891785,
    "train_rmse": 13.30989213929871,
    "train_mae": 5.464561462402344,
    "train_mape": 11.935435848052263,
    "val_r2": 0.9517996907234192,
    "val_rmse": 111.11712131097305,
    "val_mae": 74.91361236572266,
    "val_mape": 20.48791811263204,
    "test_r2": 0.9342642426490784,
    "test_rmse": 142.64082268717817,
    "test_mae": 97.8990249633789,
    "test_mape": 22.148155097729564,
    "test_max_error": 787.03271484375,
    "test_median_absolute_error": 60.59308624267578,
    "test_90th_percentile_error": 239.88082275390627,
    "test_95th_percentile_error": 306.5018310546875
  },
  "performance_summary": {
    "test_mae": 97.8990249633789,
    "test_rmse": 142.64082268717817,
    "test_r2": 0.9342642426490784,
    "improvement_over_baseline": null
  }
}