{
  "model_type": "XGBoost",
  "timestamp": "2025-12-08T00:11:03.104328",
  "best_iteration": 307,
  "metrics": {
    "train_r2": 0.9972342848777771,
    "train_rmse": 13.640307305865125,
    "train_mae": 5.581289291381836,
    "train_mape": 13.763103789691858,
    "val_r2": 0.9525188207626343,
    "val_rmse": 110.28504881527459,
    "val_mae": 74.71854400634766,
    "val_mape": 20.357072839366513,
    "test_r2": 0.9353594779968262,
    "test_rmse": 141.44752505346284,
    "test_mae": 97.10047149658203,
    "test_mape": 22.36568070766519,
    "test_max_error": 768.5867919921875,
    "test_median_absolute_error": 62.84942626953125,
    "test_90th_percentile_error": 241.819189453125,
    "test_95th_percentile_error": 294.7341552734375
  },
  "performance_summary": {
    "test_mae": 97.10047149658203,
    "test_rmse": 141.44752505346284,
    "test_r2": 0.9353594779968262,
    "improvement_over_baseline": null
  }
}